DATE,COUNTRY,EVENTS,ACTUAL,PREVIOUS,CONSENSUS,FORECAST,TIER
2025-02-14 00:30:00+05:30,AR,Inflation Rate MoMJAN,2.2%,2.7%,2.3%,2.4%,3.0
2025-02-14 00:30:00+05:30,AR,Inflation Rate YoYJAN,84.5%,117.8%,84.7%,85.0%,3.0
2025-02-14 02:30:00+05:30,KR,Export Prices YoYJAN,8.5%,10.5%,,6.4%,3.0
2025-02-14 02:30:00+05:30,KR,Import Prices YoYJAN,6.6%,6.8%,,5.5%,3.0
2025-02-14 03:00:00+05:30,US,Fed Balance SheetFEB/12,$6.81T,$6.81T,,,3.0
2025-02-14 04:30:00+05:30,KR,Unemployment RateJAN,2.9%,3.7%,,3.7%,2.0
2025-02-14 05:20:00+05:30,IN,Passenger Vehicles Sales YoYJAN,3.5%,11.4%,,,3.0
2025-02-14 05:20:00+05:30,JP,Foreign Bond InvestmentFEB/08,¥1752.9B,¥-1458.4B,,,3.0
2025-02-14 05:20:00+05:30,JP,Stock Investment by ForeignersFEB/08,¥-384.4B,¥-315.2B,,,3.0
2025-02-14 05:30:00+05:30,SG,GDP Growth Rate QoQ FinalQ4,0.5%,3%,,0.8%,2.0
2025-02-14 05:30:00+05:30,SG,GDP Growth Rate YoY FinalQ4,5.0%,5.7%,,3.1%,2.0
2025-02-14 08:00:00+05:30,SG,Current AccountQ4,S$28.81B,S$33.89B,,S$ 36B,3.0
2025-02-14 09:00:00+05:30,ID,Property Price Index YoYQ4,1.39%,1.46%,,1.5%,3.0
2025-02-14 09:05:00+05:30,JP,5-Year JGB Auction,0.982%,0.876%,,,3.0
2025-02-14 09:05:00+05:30,JP,3-Month Bill Auction,0.3098%,0.3110%,,,3.0
2025-02-14 12:00:00+05:30,IN,WPI Food Index YoYJAN,7.47%,8.89%,,9.4%,3.0
2025-02-14 12:00:00+05:30,IN,WPI Fuel YoYJAN,-2.78%,-3.79%,,-3.5%,3.0
2025-02-14 12:00:00+05:30,IN,WPI Inflation YoYJAN,2.31%,2.37%,2.50%,2.5%,3.0
2025-02-14 12:00:00+05:30,IN,WPI Manufacturing YoYJAN,2.51%,2.14%,,2.5%,3.0
2025-02-14 12:30:00+05:30,DE,Wholesale Prices MoMJAN,0.9%,0.1%,0.2%,0.1%,2.0
2025-02-14 12:30:00+05:30,DE,Wholesale Prices YoYJAN,0.9%,0.1%,,0.1%,2.0
2025-02-14 13:00:00+05:30,KR,50-Year KTB Auction,2.570%,2.570%,,,3.0
2025-02-14 13:30:00+05:30,ES,Core Inflation Rate YoY FinalJAN,2.4%,2.6%,2.4%,2.4%,3.0
2025-02-14 13:30:00+05:30,ES,Harmonised Inflation Rate MoM FinalJAN,-0.1%,0.4%,-0.1%,-0.1%,3.0
2025-02-14 13:30:00+05:30,ES,Harmonised Inflation Rate YoY FinalJAN,2.9%,2.8%,2.9%,2.9%,3.0
2025-02-14 13:30:00+05:30,ES,Inflation Rate MoM FinalJAN,0.2%,0.5%,0.2%,0.2%,3.0
2025-02-14 13:30:00+05:30,ES,Inflation Rate YoY FinalJAN,2.9%,2.8%,3%,3.0%,3.0
2025-02-14 14:30:00+05:30,CN,Total Social FinancingJAN,CNY7060B,CNY2860B,CNY6400B,CNY6200.0B,3.0
2025-02-14 14:30:00+05:30,CN,Outstanding Loan Growth YoYJAN,7.5%,7.6%,7.3%,7.4%,3.0
2025-02-14 14:30:00+05:30,CN,New Yuan LoansJAN,CNY5130B,CNY990B,CNY800B,CNY1000.0B,2.0
2025-02-14 14:30:00+05:30,CN,M2 Money Supply YoYJAN,7%,7.3%,7.2%,7.5%,3.0
2025-02-14 15:20:00+05:30,CN,Current Account PrelQ4,$180.7B,$147.6B,,$ 100B,2.0
2025-02-14 15:30:00+05:30,EA,Employment Change QoQ PrelQ4,0.1%,0.2%,0.1%,0.3%,2.0
2025-02-14 15:30:00+05:30,EA,Employment Change YoY PrelQ4,0.6%,1%,0.8%,1.1%,2.0
2025-02-14 15:30:00+05:30,EA,GDP Growth Rate QoQ 2nd EstQ4,0.1%,0.4%,0%,0.0%,2.0
2025-02-14 15:30:00+05:30,EA,GDP Growth Rate YoY 2nd EstQ4,0.9%,0.9%,0.9%,0.9%,2.0
2025-02-14 16:00:00+05:30,RU,Interest Rate Decision,21%,21%,21%,21%,3.0
2025-02-14 17:00:00+05:30,IN,Bank Loan Growth YoYJAN/31,11.4%,11.5%,,,3.0
2025-02-14 17:00:00+05:30,IN,Deposit Growth YoYJAN/31,10.3%,10.8%,,,3.0
2025-02-14 17:00:00+05:30,IN,Foreign Exchange ReservesFEB/07,$638.26B,$630.61B,,,3.0
2025-02-14 17:30:00+05:30,RU,CBR Press Conference,,,,,3.0
2025-02-14 19:00:00+05:30,CA,New Motor Vehicle SalesDEC,135.5K,161.5K,,153K,3.0
2025-02-14 19:00:00+05:30,US,Import Prices YoYJAN,1.9%,2.2%,,2.8%,3.0
2025-02-14 19:00:00+05:30,US,Export Prices YoYJAN,2.7%,2%,,2.3%,3.0
2025-02-14 19:00:00+05:30,US,Retail Sales Ex Autos MoMJAN,-0.4%,0.7%,0.3%,0.3%,2.0
2025-02-14 19:00:00+05:30,US,Retail Sales Control Group MoMJAN,-0.8%,0.8%,0.3%,0.4%,2.0
2025-02-14 19:00:00+05:30,CA,Manufacturing Sales MoM FinalDEC,0.3%,0.7%,0.7%,0.6%,3.0
2025-02-14 19:00:00+05:30,US,Export Prices MoMJAN,1.3%,0.5%,0.3%,0.3%,2.0
2025-02-14 19:00:00+05:30,US,Retail Sales MoMJAN,-0.9%,0.7%,-0.1%,0%,1.0
2025-02-14 19:00:00+05:30,CA,Wholesale Sales MoM FinalDEC,-0.2%,0%,0.2%,0.2%,3.0
2025-02-14 19:00:00+05:30,US,Retail Sales Ex Gas/Autos MoMJAN,-0.5%,0.5%,,0.2%,3.0
2025-02-14 19:00:00+05:30,US,Import Prices MoMJAN,0.3%,0.2%,0.4%,0.3%,2.0
2025-02-14 19:00:00+05:30,US,Retail Sales YoYJAN,4.2%,4.4%,,3.7%,3.0
2025-02-14 19:45:00+05:30,US,Manufacturing Production YoYJAN,1%,-0.1%,,0.8%,3.0
2025-02-14 19:45:00+05:30,US,Manufacturing Production MoMJAN,-0.1%,0.5%,0.1%,0.2%,3.0
2025-02-14 19:45:00+05:30,US,Industrial Production MoMJAN,0.5%,1%,0.3%,0.3%,2.0
2025-02-14 19:45:00+05:30,US,Capacity UtilizationJAN,77.8%,77.5%,77.7%,77.4%,3.0
2025-02-14 19:45:00+05:30,US,Industrial Production YoYJAN,2%,0.3%,,0.9%,3.0
2025-02-14 20:30:00+05:30,US,Business Inventories MoMDEC,-0.2%,0.1%,0%,-0.1%,2.0
2025-02-14 20:30:00+05:30,US,Retail Inventories Ex Autos MoMDEC,-0.1%,0.4%,0.2%,0.2%,3.0
2025-02-14 21:00:00+05:30,CA,Senior Loan Officer Survey,,,,,2.0
2025-02-14 21:30:00+05:30,RU,Inflation Rate MoMJAN,1.2%,1.3%,1.3%,1.2%,2.0
2025-02-14 21:30:00+05:30,RU,Inflation Rate YoYJAN,9.9%,9.5%,10%,9.9%,2.0
2025-02-14 23:30:00+05:30,US,Baker Hughes Oil Rig CountFEB/14,481,480,,,3.0
2025-02-14 23:30:00+05:30,US,Baker Hughes Total Rigs CountFEB/14,588,586,,,3.0
2025-02-15 01:30:00+05:30,US,Fed Logan Speech,,,,,2.0
2025-02-16 01:30:00+05:30,SA,Wholesale Prices YoYJAN,,1.2%,,1.3%,
2025-02-16 01:30:00+05:30,SA,Inflation Rate YoYJAN,,1.9%,1.9%,2.0%,
2025-02-16 01:30:00+05:30,CN,Vehicle Sales YoYJAN,,10.5%,,12.0%,
2025-02-16 01:30:00+05:30,SA,Inflation Rate MoMJAN,,0%,0.2%,0.2%,
2025-02-17 05:20:00+05:30,JP,GDP Growth Rate QoQ PrelQ4,,0.2%,0.3%,0.5%,1.0
2025-02-17 05:20:00+05:30,JP,GDP Growth Annualized PrelQ4,,1.2%,1%,2.1%,2.0
2025-02-17 05:20:00+05:30,JP,GDP Capital Expenditure QoQ PrelQ4,,-0.1%,1%,0.4%,3.0
2025-02-17 05:20:00+05:30,JP,GDP External Demand QoQ PrelQ4,,-0.2%,0.4%,0.3%,3.0
2025-02-17 05:20:00+05:30,JP,GDP Price Index YoY PrelQ4,,2.5%,,2.6%,3.0
2025-02-17 05:20:00+05:30,JP,GDP Private Consumption QoQ PrelQ4,,0.7%,-0.3%,0.3%,3.0
2025-02-17 06:00:00+05:30,SG,Non-Oil Exports MoMJAN,,1.7%,-0.3%,1.1%,3.0
2025-02-17 06:00:00+05:30,SG,Non-Oil Exports YoYJAN,,9%,-2.5%,4.8%,3.0
2025-02-17 07:00:00+05:30,SG,Balance of TradeJAN,,$3.85B,,$4.5B,3.0
2025-02-17 09:30:00+05:30,ID,Balance of TradeJAN,,$2.24B,$1.91B,$2.2B,2.0
2025-02-17 09:30:00+05:30,ID,Exports YoYJAN,,4.78%,6.99%,,3.0
2025-02-17 09:30:00+05:30,ID,Imports YoYJAN,,11.07%,9.95%,,3.0
2025-02-17 10:00:00+05:30,JP,Capacity Utilization MoMDEC,,-1.9%,,0.5%,3.0
2025-02-17 10:00:00+05:30,JP,Industrial Production MoM FinalDEC,,-2.2%,0.3%,0.3%,3.0
2025-02-17 10:00:00+05:30,JP,Industrial Production YoY FinalDEC,,-2.7%,,-1.6%,3.0
2025-02-17 10:00:00+05:30,JP,Tertiary Industry Index MoMDEC,,-0.3%,0.2%,0.1%,3.0
2025-02-17 10:30:00+05:30,KR,10-Year KTB Auction,,2.840%,,,3.0
2025-02-17 14:30:00+05:30,IT,Balance of TradeDEC,,€4.218B,€4.35B,€4.5B,2.0
2025-02-17 14:30:00+05:30,ES,Balance of TradeDEC,,€-5.13B,,€ -4.9B,2.0
2025-02-17 15:30:00+05:30,EA,Balance of TradeDEC,,€16.4B,,€ 33B,2.0
2025-02-17 16:00:00+05:30,DE,12-Month Bubill Auction,,2.4019%,,,3.0
2025-02-17 16:30:00+05:30,DE,Bundesbank Nagel Speech,,,,,3.0
2025-02-17 17:30:00+05:30,BR,IBC-BR Economic ActivityDEC,,0.1%,,0.2%,3.0
2025-02-17 18:45:00+05:30,CA,Housing StartsJAN,,231.5K,250K,220.0K,2.0
2025-02-17 19:00:00+05:30,CA,Foreign Securities PurchasesDEC,,C$16.4B,C$14.23B,,3.0
2025-02-17 19:00:00+05:30,CA,Foreign Securities Purchases by CanadiansDEC,,C$17.85B,,,3.0
2025-02-17 19:30:00+05:30,FR,12-Month BTF Auction,,2.224%,,,3.0
2025-02-17 19:30:00+05:30,FR,3-Month BTF Auction,,2.450%,,,3.0
2025-02-17 19:30:00+05:30,FR,6-Month BTF Auction,,2.358%,,,3.0
2025-02-17 20:00:00+05:30,US,Fed Harker Speech,,,,,2.0
2025-02-17 20:50:00+05:30,BR,BCB Focus Market Readout,,,,,2.0
2025-02-17 20:50:00+05:30,EU,European Commission Winter Forecasts,,,,,2.0
2025-02-17 20:50:00+05:30,IN,ImportsJAN,,$59.95B,,,2.0
2025-02-17 20:50:00+05:30,IN,ExportsJAN,,$38.01B,,,2.0
2025-02-17 20:50:00+05:30,IN,Balance of TradeJAN,,$-21.94B,,$-24.0B,2.0
2025-02-17 20:50:00+05:30,US,Fed Bowman Speech,,,,,2.0
2025-02-17 20:50:00+05:30,TR,Auto Sales YoYJAN,,7.3%,,6.0%,2.0
2025-02-17 20:50:00+05:30,TR,Auto Production YoYJAN,,3.6%,,4.0%,2.0
2025-02-17 20:50:00+05:30,EA,Eurogroup Meeting,,,,,2.0
2025-02-17 20:50:00+05:30,TR,Budget BalanceJAN,,TRY-829.2B,,TRY-150.0B,2.0
2025-02-18 04:30:00+05:30,US,Fed Waller Speech,,,,,2.0
2025-02-18 07:00:00+05:30,JP,BOJ Takada Speech,,,,,2.0
2025-02-18 09:00:00+05:30,AU,RBA Interest Rate Decision,,4.35%,4.1%,4.1%,1.0
2025-02-18 09:05:00+05:30,JP,20-Year JGB Auction,,1.983%,,,3.0
2025-02-18 10:00:00+05:30,AU,RBA Press Conference,,,,,2.0
2025-02-18 10:30:00+05:30,SG,MAS 12-Week Bill Auction,,2.99%,,,3.0
2025-02-18 10:30:00+05:30,SG,MAS 4-Week Bill Auction,,2.98%,,,3.0
2025-02-18 12:30:00+05:30,GB,Unemployment RateDEC,,4.4%,4.5%,4.4%,1.0
2025-02-18 12:30:00+05:30,GB,Average Earnings incl. Bonus (3Mo/Yr)DEC,,5.6%,5.9%,5.9%,2.0
2025-02-18 12:30:00+05:30,GB,Employment ChangeDEC,,36K,,-130K,2.0
2025-02-18 12:30:00+05:30,GB,Average Earnings excl. Bonus (3Mo/Yr)DEC,,5.6%,,5.9%,3.0
2025-02-18 12:30:00+05:30,GB,HMRC Payrolls ChangeJAN,,-47K,,-55.0K,3.0
2025-02-18 12:30:00+05:30,GB,Claimant Count ChangeJAN,,0.7K,10K,7.0K,3.0
2025-02-18 13:15:00+05:30,FR,Inflation Rate MoM FinalJAN,,0.2%,-0.1%,-0.1%,2.0
2025-02-18 13:15:00+05:30,FR,Inflation Rate YoY FinalJAN,,1.3%,1.4%,1.4%,2.0
2025-02-18 13:15:00+05:30,FR,Harmonised Inflation Rate MoM FinalJAN,,0.2%,-0.2%,-0.2%,3.0
2025-02-18 13:15:00+05:30,FR,Harmonised Inflation Rate YoY FinalJAN,,1.8%,1.8%,1.8%,3.0
2025-02-18 15:00:00+05:30,GB,Labour Productivity QoQ FinalQ3,,0.2%,-0.8%,-0.8%,3.0
2025-02-18 15:00:00+05:30,GB,Labour Productivity QoQ PrelQ4,,,,-0.1%,3.0
2025-02-18 15:00:00+05:30,GB,BoE Gov Bailey Speech,,,,,2.0
2025-02-18 15:00:00+05:30,ZA,Unemployed PersonsQ4,,8.011M,,8.1M,3.0
2025-02-18 15:00:00+05:30,ZA,Unemployment RateQ4,,32.1%,,32.4%,2.0
2025-02-18 15:30:00+05:30,EA,ZEW Economic Sentiment IndexFEB,,18,,15,2.0
2025-02-18 15:30:00+05:30,DE,ZEW Economic Sentiment IndexFEB,,10.3,15,12,1.0
2025-02-18 15:30:00+05:30,DE,ZEW Current ConditionsFEB,,-90.4,-89,-89,3.0
2025-02-18 15:30:00+05:30,GB,40-Year Treasury Gilt Auction,,,,,3.0
2025-02-18 16:00:00+05:30,DE,2-Year Schatz Auction,,2.26%,,,3.0
2025-02-18 19:00:00+05:30,US,NY Empire State Manufacturing IndexFEB,,-12.6,-1,2,2.0
2025-02-18 19:00:00+05:30,CA,CPI Trimmed-Mean YoYJAN,,2.5%,2.6%,2.5%,3.0
2025-02-18 19:00:00+05:30,CA,CPI Median YoYJAN,,2.4%,2.4%,2.4%,3.0
2025-02-18 19:00:00+05:30,CA,Core Inflation Rate MoMJAN,,-0.3%,,-0.1%,3.0
2025-02-18 19:00:00+05:30,CA,Core Inflation Rate YoYJAN,,1.8%,,1.7%,2.0
2025-02-18 19:00:00+05:30,CA,Inflation Rate YoYJAN,,1.8%,,1.8%,1.0
2025-02-18 19:00:00+05:30,CA,Inflation Rate MoMJAN,,-0.4%,0.1%,0.2%,2.0
2025-02-18 19:30:00+05:30,EA,ECB Cipollone Speech,,,,,3.0
2025-02-18 20:30:00+05:30,US,NAHB Housing Market IndexFEB,,47,47,46,2.0
2025-02-18 20:50:00+05:30,DE,Bundesbank Balz Speech,,,,,3.0
2025-02-18 20:50:00+05:30,US,Fed Daly Speech,,,,,2.0
2025-02-18 22:00:00+05:30,US,3-Month Bill Auction,,4.225%,,,3.0
2025-02-18 22:00:00+05:30,US,6-Month Bill Auction,,4.185%,,,3.0
2025-02-18 22:30:00+05:30,US,NOPA Crush Report,,,,,3.0
2025-02-18 23:30:00+05:30,US,52-Week Bill Auction,,4.025%,,,3.0
2025-02-18 23:30:00+05:30,EA,ECOFIN Meeting,,,,,3.0
2025-02-18 23:30:00+05:30,US,Fed Barr Speech,,,,,2.0
2025-02-19 00:30:00+05:30,AR,Balance of TradeJAN,,$1666M,,$1500.0M,3.0
2025-02-19 02:30:00+05:30,US,Net Long-term TIC FlowsDEC,,$79B,,,2.0
2025-02-19 02:30:00+05:30,US,Foreign Bond InvestmentDEC,,$-15.8B,,,3.0
2025-02-19 02:30:00+05:30,US,Overall Net Capital FlowsDEC,,$159.9B,,,3.0
2025-02-19 05:20:00+05:30,JP,Imports YoYJAN,,1.8%,9.7%,2.0%,3.0
2025-02-19 05:20:00+05:30,JP,Machinery Orders YoYDEC,,10.3%,6.9%,7.6%,2.0
2025-02-19 05:20:00+05:30,JP,Machinery Orders MoMDEC,,3.2%,0.1%,2.2%,2.0
2025-02-19 05:20:00+05:30,JP,Balance of TradeJAN,,¥130.9B,¥-2104B,¥-1400.0B,1.0
2025-02-19 05:20:00+05:30,JP,Exports YoYJAN,,2.8%,7.9%,3.0%,2.0
2025-02-19 05:30:00+05:30,AU,Westpac Leading Index MoMJAN,,0%,,0.2%,3.0
2025-02-19 06:00:00+05:30,AU,RBA Chart Pack,,,,,3.0
2025-02-19 06:00:00+05:30,AU,Wage Price Index QoQQ4,,0.8%,0.8%,0.4%,3.0
2025-02-19 06:00:00+05:30,AU,Wage Price Index YoYQ4,,3.5%,3.2%,3.3%,3.0
2025-02-19 07:00:00+05:30,CN,House Price Index YoYJAN,,-5.3%,,-5.0%,2.0
2025-02-19 09:05:00+05:30,JP,52-Week Bill Auction,,0.5429%,,,3.0
2025-02-19 12:30:00+05:30,GB,PPI Output MoMJAN,,0.1%,0.2%,0.3%,3.0
2025-02-19 12:30:00+05:30,GB,PPI Output YoYJAN,,0.1%,,0.2%,3.0
2025-02-19 12:30:00+05:30,GB,PPI Input YoYJAN,,-1.5%,,-0.8%,3.0
2025-02-19 12:30:00+05:30,GB,Retail Price Index YoYJAN,,3.5%,3.7%,3.6%,3.0
2025-02-19 12:30:00+05:30,GB,Retail Price Index MoMJAN,,0.3%,,-0.1%,3.0
2025-02-19 12:30:00+05:30,GB,PPI Core Output YoYJAN,,1.5%,,1.3%,3.0
2025-02-19 12:30:00+05:30,GB,PPI Input MoMJAN,,0.1%,0.7%,0.5%,3.0
2025-02-19 12:30:00+05:30,GB,Core Inflation Rate MoMJAN,,0.3%,,-0.7%,3.0
2025-02-19 12:30:00+05:30,GB,Inflation Rate MoMJAN,,0.3%,,-0.3%,2.0
2025-02-19 12:30:00+05:30,GB,Core Inflation Rate YoYJAN,,3.2%,3.7%,3.5%,2.0
2025-02-19 12:30:00+05:30,GB,Inflation Rate YoYJAN,,2.5%,2.8%,2.7%,1.0
2025-02-19 12:30:00+05:30,GB,PPI Core Output MoMJAN,,0%,,0.2%,3.0
2025-02-19 12:50:00+05:30,ID,Loan Growth YoYJAN,,10.39%,,10.5%,3.0
2025-02-19 13:00:00+05:30,ID,Interest Rate Decision,,5.75%,5.75%,5.75%,2.0
2025-02-19 13:00:00+05:30,ID,Deposit Facility RateFEB,,5%,5%,5%,3.0
2025-02-19 13:00:00+05:30,ID,Lending Facility RateFEB,,6.5%,6.5%,6.5%,3.0
2025-02-19 13:30:00+05:30,ZA,Inflation Rate MoMJAN,,0.1%,,0.1%,2.0
2025-02-19 13:30:00+05:30,ZA,Core Inflation Rate YoYJAN,,3.6%,,3.6%,3.0
2025-02-19 13:30:00+05:30,ZA,Core Inflation Rate MoMJAN,,0%,,0.1%,3.0
2025-02-19 13:30:00+05:30,EA,ECB Non-Monetary Policy Meeting,,,,,3.0
2025-02-19 13:30:00+05:30,ZA,Inflation Rate YoYJAN,,3%,,3.2%,2.0
2025-02-19 14:30:00+05:30,EA,Current AccountDEC,,€34.6B,,€32B,3.0
2025-02-19 14:30:00+05:30,EA,Current Account s.aDEC,,€27B,€30B,€30B,3.0
2025-02-19 15:30:00+05:30,IT,Current AccountDEC,,€-332M,,€ 3780M,3.0
2025-02-19 15:30:00+05:30,GB,4-Year Treasury Gilt Auction,,4.384%,,,3.0
2025-02-19 16:00:00+05:30,DE,10-Year Bund Auction,,2.54%,,,3.0
2025-02-19 16:30:00+05:30,ZA,Retail Sales YoYDEC,,7.7%,,2.6%,3.0
2025-02-19 16:30:00+05:30,ZA,Retail Sales MoMDEC,,0.8%,,1.3%,3.0
2025-02-19 16:40:00+05:30,EU,3-Month Bill Auction,,2.487%,,,3.0
2025-02-19 16:40:00+05:30,EU,6-Month Bill Auction,,2.350%,,,3.0
2025-02-19 17:00:00+05:30,IN,M3 Money Supply YoYFEB/07,,9.6%,,,3.0
2025-02-19 17:30:00+05:30,US,MBA Mortgage Refinance IndexFEB/14,,640.6,,,3.0
2025-02-19 17:30:00+05:30,US,MBA Purchase IndexFEB/14,,153.1,,,3.0
2025-02-19 17:30:00+05:30,US,MBA Mortgage Market IndexFEB/14,,230.0,,,3.0
2025-02-19 17:30:00+05:30,US,MBA Mortgage ApplicationsFEB/14,,2.3%,,,3.0
2025-02-19 17:30:00+05:30,US,MBA 30-Year Mortgage RateFEB/14,,6.95%,,,2.0
2025-02-19 19:00:00+05:30,US,Building Permits PrelJAN,,1.482M,1.45M,1.47M,1.0
2025-02-19 19:00:00+05:30,US,Housing StartsJAN,,1.499M,1.39M,1.35M,1.0
2025-02-19 19:00:00+05:30,US,Building Permits MoM PrelJAN,,-0.7%,,-0.8%,2.0
2025-02-19 19:00:00+05:30,US,Housing Starts MoMJAN,,15.8%,,-9.0%,2.0
2025-02-19 19:25:00+05:30,US,Redbook YoYFEB/15,,5.3%,,,3.0
2025-02-19 21:00:00+05:30,US,NY Fed Treasury Purchases 22.5 to 30 yrs,,,$50 million,,3.0
2025-02-19 21:30:00+05:30,RU,PPI MoMJAN,,0.4%,,0.6%,3.0
2025-02-19 21:30:00+05:30,RU,PPI YoYJAN,,7.9%,,8.2%,3.0
2025-02-19 22:00:00+05:30,US,17-Week Bill Auction,,4.230%,,,3.0
2025-02-19 23:00:00+05:30,BR,Business ConfidenceFEB,,49.1,,48.8,2.0
2025-02-19 23:30:00+05:30,US,20-Year Bond Auction,,4.900%,,,3.0
2025-02-19 23:30:00+05:30,ZA,Annual Budget Speech,,,,,3.0
2025-02-19 23:30:00+05:30,ES,Consumer ConfidenceJAN,,85,,85.5,3.0
2025-02-19 23:30:00+05:30,AR,Leading Indicator MoMJAN,,2.45%,,1.5%,3.0
2025-02-20 00:30:00+05:30,US,FOMC Minutes,,,,,1.0
2025-02-20 02:30:00+05:30,KR,Consumer ConfidenceFEB,,91.2,,93,2.0
2025-02-20 02:30:00+05:30,KR,PPI MoMJAN,,0.3%,,0.2%,3.0
2025-02-20 02:30:00+05:30,KR,PPI YoYJAN,,1.7%,,1.8%,3.0
2025-02-20 03:00:00+05:30,US,API Crude Oil Stock ChangeFEB/14,,9.043M,,,2.0
2025-02-20 03:30:00+05:30,US,Fed Jefferson Speech,,,,,2.0
2025-02-20 05:20:00+05:30,JP,Stock Investment by ForeignersFEB/15,,¥-384.4B,,,3.0
2025-02-20 05:20:00+05:30,JP,Foreign Bond InvestmentFEB/15,,¥1752.9B,,,3.0
2025-02-20 06:00:00+05:30,AU,Unemployment RateJAN,,4%,4.1%,4.0%,1.0
2025-02-20 06:00:00+05:30,AU,Employment ChangeJAN,,56.3K,20K,23.0K,2.0
2025-02-20 06:00:00+05:30,AU,Full Time Employment ChgJAN,,-23.7K,,33.0K,2.0
2025-02-20 06:00:00+05:30,AU,Part Time Employment ChgJAN,,80K,,-10.0K,3.0
2025-02-20 06:00:00+05:30,AU,Participation RateJAN,,67.1%,67.1%,67.0%,3.0
2025-02-20 06:45:00+05:30,CN,Loan Prime Rate 1Y,,3.1%,,3.1%,2.0
2025-02-20 06:45:00+05:30,CN,Loan Prime Rate 5YFEB,,3.6%,,3.6%,2.0
2025-02-20 08:30:00+05:30,ID,M2 Money Supply YoYJAN,,4.4%,,,3.0
2025-02-20 08:30:00+05:30,ID,Current AccountQ4,,$-2.2B,,$ -0.6B,3.0
2025-02-20 12:30:00+05:30,TR,Consumer ConfidenceFEB,,81,,80,2.0
2025-02-20 12:30:00+05:30,DE,PPI MoMJAN,,-0.1%,0.6%,0.5%,3.0
2025-02-20 12:30:00+05:30,DE,PPI YoYJAN,,0.8%,,1.1%,2.0
2025-02-20 14:30:00+05:30,IT,Construction Output YoYDEC,,3.6%,,3.2%,3.0
2025-02-20 15:10:00+05:30,ES,3-Year Bonos Auction,,2.388%,,,3.0
2025-02-20 15:10:00+05:30,ES,5-Year Bonos Auction,,2.763%,,,3.0
2025-02-20 15:10:00+05:30,ES,8-Year Obligacion Auction,,3.1%,,,3.0
2025-02-20 15:30:00+05:30,FR,5-Year OAT Auction,,2.84%,,,3.0
2025-02-20 15:30:00+05:30,FR,3-Year OAT Auction,,2.51%,,,3.0
2025-02-20 15:30:00+05:30,EA,Construction Output YoYDEC,,1.4%,,-0.5%,3.0
2025-02-20 15:30:00+05:30,FR,4-Year OAT Auction,,2.74%,,,3.0
2025-02-20 16:30:00+05:30,ZA,Building Permits YoYDEC,,-2%,,18.0%,3.0
2025-02-20 16:30:00+05:30,FR,7-Year OATi Auction,,,,,3.0
2025-02-20 16:30:00+05:30,FR,6-Year Index-Linked OAT Auction,,,,,3.0
2025-02-20 16:30:00+05:30,GB,CBI Industrial Trends OrdersFEB,,-34,-30,-25,2.0
2025-02-20 16:30:00+05:30,FR,11-Year Index-Linked OAT Auction,,1.14%,,,3.0
2025-02-20 16:30:00+05:30,FR,18-Year Index-Linked OAT Auction,,,,,3.0
2025-02-20 17:00:00+05:30,TR,Foreign Exchange ReservesFEB/14,,$96.93B,,,3.0
2025-02-20 17:30:00+05:30,MX,Retail Sales MoMDEC,,-0.1%,,-0.4%,3.0
2025-02-20 17:30:00+05:30,MX,Retail Sales YoYDEC,,-1.9%,,0.4%,3.0
2025-02-20 19:00:00+05:30,US,Philly Fed Prices PaidFEB,,31.9,,,3.0
2025-02-20 19:00:00+05:30,US,Philly Fed New OrdersFEB,,42.9,,,3.0
2025-02-20 19:00:00+05:30,US,Philly Fed EmploymentFEB,,11.9,,,3.0
2025-02-20 19:00:00+05:30,US,Philly Fed CAPEX IndexFEB,,39,,,3.0
2025-02-20 19:00:00+05:30,US,Philly Fed Business ConditionsFEB,,46.3,,,3.0
2025-02-20 19:00:00+05:30,US,Jobless Claims 4-week AverageFEB/15,,216K,,219.0K,3.0
2025-02-20 19:00:00+05:30,US,Continuing Jobless ClaimsFEB/08,,1850K,,1879.0K,3.0
2025-02-20 19:00:00+05:30,US,Philadelphia Fed Manufacturing IndexFEB,,44.3,25.5,18,2.0
2025-02-20 19:00:00+05:30,US,Initial Jobless ClaimsFEB/15,,213K,216K,220.0K,2.0
2025-02-20 19:00:00+05:30,CA,Raw Materials Prices YoYJAN,,9.1%,,10.0%,3.0
2025-02-20 19:00:00+05:30,CA,Raw Materials Prices MoMJAN,,1.3%,,-0.2%,3.0
2025-02-20 19:00:00+05:30,CA,PPI YoYJAN,,4.1%,,4.3%,3.0
2025-02-20 19:00:00+05:30,CA,PPI MoMJAN,,0.2%,,0.4%,3.0
2025-02-20 19:00:00+05:30,CA,New Housing Price Index YoYJAN,,0.1%,,0.2%,2.0
2025-02-20 19:00:00+05:30,CA,New Housing Price Index MoMJAN,,-0.1%,,0.0%,2.0
2025-02-20 19:30:00+05:30,AR,Consumer ConfidenceFEB,,47.4,,48.2,3.0
2025-02-20 20:05:00+05:30,US,Fed Golsbee Speech,,,,,2.0
2025-02-20 20:30:00+05:30,US,CB Leading Index MoMJAN,,-0.1%,0%,0%,3.0
2025-02-20 20:30:00+05:30,EA,Consumer Confidence FlashFEB,,-14.2,-14,-14.4,2.0
2025-02-20 20:30:00+05:30,MX,Monetary Policy Meeting Minutes,,,,,3.0
2025-02-20 21:00:00+05:30,US,EIA Natural Gas Stocks ChangeFEB/14,,-100Bcf,,,3.0
2025-02-20 21:30:00+05:30,DE,Bundesbank Nagel Speech,,,,,3.0
2025-02-20 22:00:00+05:30,US,4-Week Bill Auction,,4.250%,,,3.0
2025-02-20 22:00:00+05:30,US,8-Week Bill Auction,,4.240%,,,3.0
2025-02-20 22:30:00+05:30,US,EIA Gasoline Production ChangeFEB/14,,0.18M,,,3.0
2025-02-20 22:30:00+05:30,US,EIA Refinery Crude Runs ChangeFEB/14,,0.082M,,,3.0
2025-02-20 22:30:00+05:30,US,EIA Heating Oil Stocks ChangeFEB/14,,0.159M,,,3.0
2025-02-20 22:30:00+05:30,US,EIA Distillate Stocks ChangeFEB/14,,0.135M,,,3.0
2025-02-20 22:30:00+05:30,US,EIA Distillate Fuel Production ChangeFEB/14,,-0.009M,,,3.0
2025-02-20 22:30:00+05:30,US,EIA Cushing Crude Oil Stocks ChangeFEB/14,,0.872M,,,3.0
2025-02-20 22:30:00+05:30,US,EIA Crude Oil Imports ChangeFEB/14,,-0.184M,,,3.0
2025-02-20 22:30:00+05:30,US,30-Year Mortgage RateFEB/20,,6.87%,,,3.0
2025-02-20 22:30:00+05:30,US,15-Year Mortgage RateFEB/20,,6.09%,,,3.0
2025-02-20 22:30:00+05:30,US,EIA Gasoline Stocks ChangeFEB/14,,-3.035M,,,2.0
2025-02-20 22:30:00+05:30,US,EIA Crude Oil Stocks ChangeFEB/14,,4.07M,,,2.0
2025-02-20 22:30:00+05:30,CA,2-Year Bond Auction,,2.589%,,,3.0
2025-02-20 22:35:00+05:30,US,Fed Musalem Speech,,,,,2.0
2025-02-20 23:30:00+05:30,BR,6-Month LTN Auction,,14.62%,,,3.0
2025-02-20 23:30:00+05:30,BR,2-Year LTN Auction,,15.031%,,,3.0
2025-02-20 23:30:00+05:30,BR,10-Year NTN-F Auction,,15.035%,,,3.0
2025-02-20 23:30:00+05:30,US,30-Year TIPS Auction,,2.055%,,,3.0
2025-02-20 23:30:00+05:30,TR,Central Government DebtJAN,,TRY9.251T,,TRY 9.4T,3.0
2025-02-21 01:00:00+05:30,US,Fed Barr Speech,,,,,2.0
2025-02-21 02:30:00+05:30,KR,Business ConfidenceFEB,,63,,65,2.0
2025-02-21 03:00:00+05:30,US,Fed Balance SheetFEB/19,,$6.81T,,,3.0
2025-02-21 03:30:00+05:30,US,Fed Kugler Speech,,,,,2.0
2025-02-21 03:30:00+05:30,AU,S&P Global Australia Services PMI FlashFEB,,51.2,,51.3,2.0
2025-02-21 03:30:00+05:30,AU,S&P Global Australia Composite PMI FlashFEB,,51.1,,50.6,3.0
2025-02-21 03:30:00+05:30,AU,S&P Global Australia Manufacturing PMI FlashFEB,,50.2,,49.9,2.0
2025-02-21 04:30:00+05:30,JP,Reuters Tankan IndexFEB,,2,,3,3.0
2025-02-21 05:00:00+05:30,JP,Inflation Rate YoYJAN,,3.6%,,3.7%,1.0
2025-02-21 05:00:00+05:30,JP,Core Inflation Rate YoYJAN,,3%,3.1%,3.2%,2.0
2025-02-21 05:00:00+05:30,JP,Inflation Rate Ex-Food and Energy YoYJAN,,2.4%,,2.6%,3.0
2025-02-21 05:00:00+05:30,JP,Inflation Rate MoMJAN,,0.6%,,0.2%,3.0
2025-02-21 05:31:00+05:30,GB,Gfk Consumer ConfidenceFEB,,-22,-22,-23,1.0
2025-02-21 06:00:00+05:30,JP,Jibun Bank Composite PMI FlashFEB,,51.1,,51.5,3.0
2025-02-21 06:00:00+05:30,JP,Jibun Bank Manufacturing PMI FlashFEB,,48.7,49,49.6,2.0
2025-02-21 06:00:00+05:30,JP,Jibun Bank Services PMI FlashFEB,,53.0,,52.2,2.0
2025-02-21 09:05:00+05:30,JP,3-Month Bill Auction,,0.3098%,,,3.0
2025-02-21 10:30:00+05:30,IN,HSBC Composite PMI FlashFEB,,57.7,,58.2,2.0
2025-02-21 10:30:00+05:30,IN,HSBC Manufacturing PMI FlashFEB,,57.7,,57.9,2.0
2025-02-21 10:30:00+05:30,IN,HSBC Services PMI FlashFEB,,56.5,,57.5,2.0
2025-02-21 12:30:00+05:30,GB,Retail Sales MoMJAN,,-0.3%,0.3%,0.2%,1.0
2025-02-21 12:30:00+05:30,GB,Retail Sales YoYJAN,,3.6%,,4.0%,2.0
2025-02-21 12:30:00+05:30,GB,Public Sector Net Borrowing Ex BanksJAN,,£-17.81B,£20.5B,£19.0B,3.0
2025-02-21 12:30:00+05:30,GB,Retail Sales ex Fuel MoMJAN,,-0.6%,,0.3%,3.0
2025-02-21 12:30:00+05:30,GB,Retail Sales ex Fuel YoYJAN,,2.9%,,3.0%,3.0
2025-02-21 13:15:00+05:30,FR,Business Climate IndicatorFEB,,95,,92,3.0
2025-02-21 13:15:00+05:30,FR,Business ConfidenceFEB,,95,,94,2.0
2025-02-21 13:30:00+05:30,TR,Tourist Arrivals YoYJAN,,,,,3.0
2025-02-21 13:45:00+05:30,FR,HCOB Manufacturing PMI FlashFEB,,45,45.3,45.4,2.0
2025-02-21 13:45:00+05:30,FR,HCOB Services PMI FlashFEB,,48.2,49,48,2.0
2025-02-21 13:45:00+05:30,FR,HCOB Composite PMI FlashFEB,,47.6,,47.2,2.0
2025-02-21 14:00:00+05:30,DE,HCOB Manufacturing PMI FlashFEB,,45.0,45.5,45.1,1.0
2025-02-21 14:00:00+05:30,DE,HCOB Composite PMI FlashFEB,,50.5,,50.1,2.0
2025-02-21 14:00:00+05:30,DE,HCOB Services PMI FlashFEB,,52.5,52.5,51.9,2.0
2025-02-21 14:30:00+05:30,EA,HCOB Composite PMI FlashFEB,,50.2,,50,2.0
2025-02-21 14:30:00+05:30,EA,HCOB Manufacturing PMI FlashFEB,,46.6,47,46.8,2.0
2025-02-21 14:30:00+05:30,EA,HCOB Services PMI FlashFEB,,51.3,51.5,51.2,2.0
2025-02-21 14:30:00+05:30,IT,Inflation Rate MoM FinalJAN,,0.1%,0.6%,0.6%,2.0
2025-02-21 14:30:00+05:30,IT,Inflation Rate YoY FinalJAN,,1.3%,1.5%,1.5%,2.0
2025-02-21 14:30:00+05:30,IT,Harmonised Inflation Rate MoM FinalJAN,,0.1%,-0.7%,-0.7%,3.0
2025-02-21 14:30:00+05:30,IT,Harmonised Inflation Rate YoY FinalJAN,,1.4%,1.7%,1.7%,3.0
2025-02-21 15:00:00+05:30,GB,S&P Global Services PMI FlashFEB,,50.8,51,51,1.0
2025-02-21 15:00:00+05:30,GB,S&P Global Composite PMI FlashFEB,,50.6,,51,3.0
2025-02-21 15:00:00+05:30,GB,S&P Global Manufacturing PMI FlashFEB,,48.3,48.5,48.5,1.0
2025-02-21 17:00:00+05:30,IN,Monetary Policy Meeting Minutes,,,,,2.0
2025-02-21 17:00:00+05:30,IN,Foreign Exchange ReservesFEB/14,,$638.26B,,,3.0
2025-02-21 17:30:00+05:30,MX,GDP Growth Rate QoQ FinalQ4,,1.1%,-0.6%,-0.6%,2.0
2025-02-21 17:30:00+05:30,MX,GDP Growth Rate YoY FinalQ4,,1.6%,0.6%,0.6%,2.0
2025-02-21 17:30:00+05:30,MX,Economic Activity MoMDEC,,0.4%,,0.5%,3.0
2025-02-21 17:30:00+05:30,MX,Economic Activity YoYDEC,,0.5%,,2%,3.0
2025-02-21 19:00:00+05:30,CA,Retail Sales Ex Autos MoMDEC,,-0.7%,0.4%,1%,2.0
2025-02-21 19:00:00+05:30,CA,Retail Sales MoM FinalDEC,,0%,1.6%,1.6%,2.0
2025-02-21 19:00:00+05:30,CA,Retail Sales MoM PrelJAN,,,,-0.3%,2.0
2025-02-21 19:00:00+05:30,CA,Retail Sales YoYDEC,,1.6%,,0.5%,3.0
2025-02-21 20:00:00+05:30,EA,ECB Lane Speech,,,,,3.0
2025-02-21 20:15:00+05:30,US,S&P Global Services PMI FlashFEB,,52.9,,52.7,2.0
2025-02-21 20:15:00+05:30,US,S&P Global Manufacturing PMI FlashFEB,,51.2,,51.3,2.0
2025-02-21 20:15:00+05:30,US,S&P Global Composite PMI FlashFEB,,52.7,,52.7,2.0
2025-02-21 20:30:00+05:30,US,Existing Home SalesJAN,,4.24M,4.17M,4.16M,1.0
2025-02-21 20:30:00+05:30,US,Existing Home Sales MoMJAN,,2.2%,,-1.7%,2.0
2025-02-21 20:30:00+05:30,US,Michigan Consumer Sentiment FinalFEB,,71.1,67.8,67.8,2.0
2025-02-21 20:30:00+05:30,US,Michigan 5 Year Inflation Expectations FinalFEB,,3.2%,3.3%,3.3%,3.0
2025-02-21 20:30:00+05:30,US,Michigan Consumer Expectations FinalFEB,,69.3,67.3,67.3,3.0
2025-02-21 20:30:00+05:30,US,Michigan Current Conditions FinalFEB,,74,68.7,68.7,3.0
2025-02-21 20:30:00+05:30,US,Michigan Inflation Expectations FinalFEB,,3.3%,4.3%,4.3%,3.0
2025-02-21 22:00:00+05:30,US,Fed Jefferson Speech,,,,,2.0
2025-02-21 23:15:00+05:30,CA,BoC Gov Macklem Speech,,,,,2.0
2025-02-21 23:30:00+05:30,BR,Federal Tax RevenuesJAN,,BRL261.3B,,,3.0
2025-02-21 23:30:00+05:30,CN,FDI (YTD) YoYJAN,,-27.1%,,-18.0%,3.0
2025-02-21 23:30:00+05:30,US,Baker Hughes Total Rigs CountFEB/21,,588,,,3.0
2025-02-21 23:30:00+05:30,US,Baker Hughes Oil Rig CountFEB/21,,481,,,3.0
2025-02-23 23:30:00+05:30,DE,Federal Election,,,,,
2025-02-24 10:30:00+05:30,SG,Core Inflation Rate YoYJAN,,1.8%,,2.0%,3.0
2025-02-24 10:30:00+05:30,SG,Inflation Rate MoMJAN,,0.30%,,-0.1%,3.0
2025-02-24 10:30:00+05:30,SG,Inflation Rate YoYJAN,,1.6%,,2.1%,3.0
2025-02-24 10:30:00+05:30,KR,5-Year KTB Auction,,2.725%,,,3.0
2025-02-24 12:30:00+05:30,TR,Business ConfidenceFEB,,100.9,,,2.0
2025-02-24 12:30:00+05:30,TR,Capacity UtilizationFEB,,74.6%,,,3.0
2025-02-24 14:30:00+05:30,DE,Ifo ExpectationsFEB,,84.2,,83,3.0
2025-02-24 14:30:00+05:30,DE,Ifo Current ConditionsFEB,,86.1,,85.1,3.0
2025-02-24 14:30:00+05:30,DE,Ifo Business ClimateFEB,,85.1,,84,1.0
2025-02-24 15:30:00+05:30,EA,Inflation Rate YoY FinalJAN,,2.4%,2.5%,2.5%,2.0
2025-02-24 15:30:00+05:30,EA,Core Inflation Rate YoY FinalJAN,,2.7%,2.7%,2.7%,3.0
2025-02-24 15:30:00+05:30,EA,CPI FinalJAN,,127.07,126.71,126.71,3.0
2025-02-24 15:30:00+05:30,EA,Inflation Rate MoM FinalJAN,,0.4%,-0.3%,-0.3%,3.0
2025-02-24 16:00:00+05:30,DE,3-Month Bubill Auction,,2.576%,,,3.0
2025-02-24 16:00:00+05:30,DE,9-Month Bubill Auction,,2.223%,,,3.0
2025-02-24 16:15:00+05:30,EU,EU Bond Auction,,,,,3.0
2025-02-24 16:30:00+05:30,BR,FGV Consumer ConfidenceFEB,,86.2,,,3.0
2025-02-24 17:30:00+05:30,MX,Mid-month Inflation Rate MoMFEB,,0.2%,,,3.0
2025-02-24 17:30:00+05:30,MX,Mid-month Inflation Rate YoYFEB,,3.69%,,,3.0
2025-02-24 17:30:00+05:30,MX,Mid-month Core Inflation Rate YoYFEB,,3.72%,,,3.0
2025-02-24 17:30:00+05:30,MX,Mid-month Core Inflation Rate MoMFEB,,0.28%,,,3.0
2025-02-24 18:45:00+05:30,CA,BoC Gravelle Speech,,,,,2.0
2025-02-24 19:00:00+05:30,US,Chicago Fed National Activity IndexJAN,,0.15,,,2.0
2025-02-24 19:30:00+05:30,FR,12-Month BTF Auction,,,,,3.0
2025-02-24 19:30:00+05:30,FR,3-Month BTF Auction,,,,,3.0
2025-02-24 19:30:00+05:30,FR,6-Month BTF Auction,,,,,3.0
2025-02-24 21:00:00+05:30,US,Dallas Fed Manufacturing IndexFEB,,14.1,,,2.0
2025-02-24 22:00:00+05:30,US,3-Month Bill Auction,,,,,3.0
2025-02-24 22:00:00+05:30,US,6-Month Bill Auction,,,,,3.0
2025-02-24 23:30:00+05:30,US,2-Year Note Auction,,,,,3.0
2025-02-25 06:30:00+05:30,KR,Interest Rate Decision,,3%,,2.75%,2.0
2025-02-25 10:30:00+05:30,SG,MAS 12-Week Bill Auction,,,,,3.0
2025-02-25 10:30:00+05:30,SG,MAS 4-Week Bill Auction,,,,,3.0
2025-02-25 10:30:00+05:30,KR,20-Year KTB Auction,,2.770%,,,3.0
